id,first_name,last_name,gender,phone
1,Fran,Lyle,Male,277 293 6643
2,Tammy,Thomelin,Female,166 424 0229
3,Felecia,Morforth,Female,842 389 0458
4,Marcellina,Moreby,Female,151 463 9558
5,Berenice,McLaverty,Female,425 485 0128
6,Frieda,Schwant,Female,299 395 1475
7,Laurena,Newark,Female,264 155 4981
8,Trude,Antrobus,Female,389 180 2197
9,Bendick,Tewelson,Male,788 138 5309
10,Reggis,Renak,Male,999 456 6540
11,Annamarie,Flintiff,Female,869 401 5256
12,Kristin,Schneidau,Female,200 204 7650
13,Immanuel,Pittson,Male,898 761 8500
14,Morry,Exley,Male,457 622 6282
15,Rebbecca,Jeacop,Polygender,623 608 6335
16,Lannie,Corpe,Male,152 633 4355
17,Gwenneth,Bakesef,Female,804 655 6416
18,Moina,Janacek,Female,221 437 9867
19,Vanda,Pitchers,Female,826 331 1057
20,Sanders,Mulqueeny,Male,312 295 3546
21,See,Jennins,Male,807 236 5032
22,Ardene,Jordan,Female,408 314 9015
23,Jakob,Graffham,Male,779 213 2530
24,Hermie,Rawlingson,Male,355 156 3391
25,Kaile,Bischof,Female,111 505 8249
26,Claribel,Cubin,Female,767 425 7726
27,Isador,O'Ferris,Male,395 303 9488
28,George,Lease,Male,232 678 0961
29,Zonnya,Shah,Female,580 923 8666
30,Alisander,Ranyelld,Male,118 461 2888
31,Alica,Draysey,Female,430 696 8089
32,Caren,Greenmon,Female,678 431 8198
33,Thorpe,Ventam,Male,412 605 4007
34,Tanitansy,Vials,Female,818 343 7017
35,Brendis,Gounot,Male,795 495 5908
36,Ransell,Iacabucci,Male,682 250 3144
37,Dougie,Scougall,Male,750 491 5758
38,Karalynn,Pirdue,Female,730 600 3877
39,Lin,Ashmole,Female,211 657 3438
40,Valentijn,Dreghorn,Male,123 915 5494
41,Laird,Oneile,Male,472 984 1707
42,Shelden,Klossmann,Male,328 330 2901
43,Samaria,Diss,Female,648 628 7030
44,Jobye,Hucknall,Female,835 850 2492
45,Siana,Baile,Female,480 431 6076
46,Orland,Kos,Male,402 976 4453
47,Cly,Arnholtz,Male,323 218 8329
48,Vasili,Lefwich,Male,617 642 7414
49,Ashely,Vakhonin,Female,497 395 3120
50,Donielle,Batiste,Agender,915 721 6590
51,Gina,Body,Female,501 775 6946
52,Patin,MacCheyne,Male,684 961 9550
53,Delmor,Hansom,Male,934 371 3315
54,Brewster,Guyon,Male,378 558 0324
55,Barbaraanne,Hollingby,Female,916 377 9964
56,Merrielle,Spofford,Bigender,964 215 7841
57,Zulema,Grazier,Female,548 754 3721
58,Janie,Otterwell,Female,632 459 7452
59,Arney,Look,Male,672 683 6640
60,Giacobo,Southerill,Male,888 685 1221
61,Luciano,Whitmore,Male,815 323 3574
62,Kendall,Avramovsky,Male,554 971 4317
63,Marmaduke,Ivasyushkin,Male,673 852 4103
64,Whitney,Sussams,Male,249 466 4737
65,Staci,Rotherforth,Female,972 976 6634
66,Katrine,Godart,Female,460 695 3873
67,Angeline,Jacobsson,Female,319 814 2701
68,Bren,Lapslie,Male,443 442 0054
69,Corinna,Beckwith,Female,394 787 2209
70,Brenden,Musla,Male,817 743 7785
71,Merle,St Pierre,Non-binary,208 194 2141
72,Thorpe,Peniman,Male,220 943 5144
73,Everard,de Almeida,Male,990 164 7981
74,Jamey,L' Anglois,Male,822 592 3240
75,Deerdre,Rains,Female,958 894 9143
76,Dinah,Nial,Female,103 732 2471
77,Alisander,Taborre,Male,483 588 4787
78,Errol,Giggs,Male,336 100 5675
79,Malcolm,Shearmur,Polygender,718 855 5180
80,Wrennie,Kehir,Female,387 771 1511
81,Fey,Merington,Female,656 255 3491
82,Hortense,Winchurch,Genderfluid,227 273 6085
83,Ewan,Arndt,Male,508 152 3153
84,Hali,Davitashvili,Female,883 961 6172
85,Findlay,Fourman,Male,898 488 0138
86,Kailey,Skayman,Agender,412 305 4217
87,Oriana,Gaisford,Female,804 250 4496
88,Farlee,Mallabund,Male,740 497 1265
89,Katinka,Meletti,Female,782 868 4738
90,Brier,Donnersberg,Bigender,105 806 5864
91,Aldous,Franck,Male,426 132 0953
92,Husain,Evill,Male,547 969 6592
93,Lynne,Putson,Female,700 701 5888
94,Ambrosius,Riggey,Male,335 279 2106
95,Neddy,Keable,Male,595 691 2630
96,Isidore,Tittletross,Male,554 413 6066
97,Lucio,Pitson,Male,957 837 2261
98,Adah,Tame,Female,507 255 3980
99,Gladi,Scullion,Female,227 234 4865
100,Walton,Deshorts,Male,602 814 2810
101,Arin,Waye,Polygender,751 885 7951
102,Jasmine,Stanners,Female,162 175 7336
103,Tiffany,Stibbs,Female,366 233 2021
104,Meggie,Spellissy,Female,703 659 0810
105,Timoteo,Tome,Male,529 413 3972
106,Delmore,Matteau,Male,806 977 2254
107,Branden,Stainer,Male,500 844 8968
108,Gaye,Pearcehouse,Female,575 702 2882
109,Elysha,Keningham,Female,666 256 3830
110,Ethyl,Vanezis,Female,743 990 1131
111,Fannie,Harte,Genderqueer,298 482 8442
112,Moll,Warnes,Female,229 206 4792
113,Lettie,Haggata,Female,875 355 3070
114,Enrique,McGerraghty,Male,486 613 8151
115,Susi,Michael,Female,836 621 8384
116,Lonny,Farra,Male,467 560 8146
117,Rodd,Mahaffey,Male,398 777 9868
118,Lurlene,Guiduzzi,Female,788 877 7950
119,Marv,Loude,Male,874 862 3815
120,Sarge,Meldon,Male,281 149 7008
121,Sigmund,Brosetti,Male,723 378 8347
122,Penn,Loveman,Male,837 699 3926
123,Fredi,Hrinchenko,Female,439 880 8865
124,Mahalia,Erington,Female,482 728 0633
125,Arnoldo,Stratton,Male,984 230 4822
126,Wylie,Lambshine,Male,856 819 2595
127,Dionisio,Bazell,Male,655 689 1745
128,Dyna,Prujean,Female,302 332 4455
129,Jule,Harries,Male,246 648 9611
130,Tripp,Toth,Male,326 973 5569
131,Sharron,Branchflower,Female,123 217 9712
132,Catharine,Goatman,Female,406 906 3812
133,Leonore,Benjamin,Female,234 856 2195
134,Troy,Belfit,Male,863 294 0026
135,Brandtr,Basnall,Male,439 705 2227
136,Cosmo,Skett,Male,386 214 4207
137,Dag,Cobon,Male,931 681 0502
138,Fanya,Joskowicz,Female,191 975 5715
139,Broddie,Klulisek,Male,412 181 3607
140,Bowie,Jemmison,Male,922 537 5459
141,Ring,O Sullivan,Male,303 649 4663
142,Kelsey,Grimsdike,Male,221 912 0965
143,Rolland,Comello,Male,788 814 7208
144,Artair,Langshaw,Male,221 170 7841
145,Raf,Noone,Female,143 611 3311
146,Lawton,Redit,Male,529 507 8220
147,Dori,Wraxall,Female,706 291 4939
148,Chrystal,Pavolillo,Female,481 438 5581
149,Alonzo,Gillies,Male,658 311 2709
150,Camellia,Lownsbrough,Female,970 105 7425
151,Vlad,Timmis,Male,208 927 2662
152,Adolph,Sillis,Male,564 426 4621
153,Lucila,Torbard,Female,694 409 2504
154,Kelsey,Walton,Female,598 283 9770
155,King,Caunt,Male,723 496 2422
156,Erik,Doman,Male,152 793 6717
157,Glad,Sherwell,Female,182 273 1107
158,Willis,Gurery,Male,533 791 8381
159,Darwin,Coomer,Male,788 279 6012
160,Josy,Kirkland,Polygender,954 300 6438
161,Sissy,Reast,Female,423 369 3894
162,Chantalle,Kynder,Female,130 333 3603
163,Charissa,Milksop,Female,161 342 1802
164,Quintin,Slater,Male,580 788 4213
165,Glynis,McCarlich,Female,595 338 2248
166,Gloriane,Mc Andrew,Female,341 765 3503
167,Freeman,Furley,Male,916 323 5626
168,Mercedes,Duthy,Female,192 825 1503
169,Arte,Priter,Polygender,709 565 7509
170,Lazaro,Stoeck,Male,567 300 0904
171,Burty,Bettleson,Male,656 589 1367
172,Dorelle,Blunden,Female,814 615 4951
173,Pavlov,Benko,Male,869 153 3114
174,Emmaline,Fontanet,Female,882 713 5752
175,Clemence,Caulton,Female,109 511 9260
176,Venita,Dahlman,Female,687 692 8361
177,Flemming,Feeley,Male,351 256 3591
178,Orlan,Parlatt,Male,206 626 1290
179,Domenico,Edlestone,Male,270 364 3008
180,Ernesta,Connikie,Female,687 527 3864
181,Jaine,Sedgmond,Female,603 886 3282
182,Meg,Myerscough,Female,770 606 6263
183,Zackariah,Palay,Male,114 734 1436
184,Carce,Ure,Male,895 970 8556
185,Rubie,Winman,Female,999 712 6187
186,Inglebert,Gobbett,Male,725 501 2222
187,Vin,Stocks,Polygender,390 287 1906
188,Herby,Beckensall,Male,786 122 9390
189,Micah,Vlach,Male,217 710 3837
190,Townie,Mac Geaney,Male,489 754 8739
191,Robbert,Luker,Male,553 612 5744
192,Ivy,Tringham,Female,596 179 9030
193,Clara,Tillman,Female,659 696 1446
194,Harland,Sturney,Male,256 822 7501
195,Jarib,Sorton,Male,470 190 0882
196,Marabel,Tedorenko,Female,871 918 8358
197,Devi,Sawl,Female,845 576 0973
198,Rorke,MacDermand,Male,473 824 0171
199,Sylas,Scherer,Male,245 231 0223
200,Finn,Blei,Male,269 628 9167
201,Pierre,Treagus,Male,208 542 6583
202,Edward,Bowcock,Male,734 271 7081
203,Mahalia,Vaines,Female,689 441 4040
204,Cybill,Pundy,Female,344 979 0330
205,Georgie,Pockey,Female,836 197 7368
206,Levon,Romushkin,Male,538 136 8536
207,Abran,Draye,Male,522 150 3715
208,Fredric,Ivatt,Male,494 521 9970
209,Rolf,Zorer,Male,734 222 8738
210,Luke,Bode,Male,956 534 1940
211,Jerome,Mattam,Male,420 876 9385
212,Beniamino,Duffy,Male,337 770 0188
213,Tybalt,Lowre,Male,933 953 9766
214,Evaleen,Nani,Female,705 295 1323
215,Berrie,Kesper,Female,393 760 3064
216,Tymothy,Rodson,Male,925 466 6777
217,Hester,Etches,Female,883 763 5265
218,Sallyann,Nassey,Female,706 606 0474
219,Dewain,Dutchburn,Male,813 596 5884
220,Winny,Jeanes,Non-binary,894 758 3780
221,Anthea,Roocroft,Female,235 186 8035
222,Ransom,Welbourn,Male,631 916 3026
223,Kim,Ennals,Female,834 878 1743
224,Spencer,Escudier,Male,882 306 9895
225,Vance,Comiam,Male,953 101 1207
226,Norby,Riddiough,Male,531 246 6925
227,Jehanna,Welds,Female,304 643 0574
228,Scarface,Taverner,Male,926 692 9816
229,Olivero,Jindrak,Male,747 341 0697
230,Rolfe,Lafond,Polygender,758 476 8239
231,Gretal,Alvy,Female,541 912 2337
232,Madalena,Raccio,Female,649 554 9054
233,Phillip,Glew,Male,198 119 3457
234,Jaime,Evenett,Male,527 505 6132
235,Babs,Jovicevic,Genderqueer,719 458 1564
236,Wenona,Creaney,Female,904 156 8284
237,Ariela,Dolbey,Female,756 114 0730
238,Laureen,Einchcombe,Female,460 892 4531
239,Aron,Morais,Male,331 878 3708
240,Terra,Quelch,Female,187 105 5156
241,Davidde,Sent,Male,992 215 0380
242,Rowan,Rawlence,Male,673 476 9729
243,Hermia,Bale,Female,970 319 0019
244,Tann,Cooksley,Male,842 526 0273
245,Dewitt,Sommerling,Male,521 706 5756
246,Monti,Hovard,Male,425 391 8343
247,Louella,Rosita,Female,330 576 2940
248,Atlante,Earland,Female,547 345 6317
249,Morie,Winwood,Male,902 414 9925
250,Barry,Churchman,Female,175 426 5290
251,Dex,Boswood,Male,228 380 4411
252,Ignatius,Verralls,Male,650 151 3049
253,Bucky,Cruickshank,Male,454 668 4219
254,Zachariah,Jakubczyk,Male,981 288 9898
255,Doe,Scurrey,Bigender,373 733 9694
256,Kerrill,Gate,Female,809 165 3946
257,Amelita,Bridgstock,Female,917 911 6506
258,Kathlin,Ashpole,Female,577 100 1875
259,North,Lathwood,Male,843 389 0340
260,Greta,Steinham,Female,599 995 9714
261,Dee,Memmory,Female,528 622 3742
262,Laird,Hearnah,Male,484 789 1801
263,Evaleen,Eshmade,Female,577 922 2023
264,Kacey,Pantridge,Female,833 105 2248
265,Eldredge,Hagland,Male,429 928 2222
266,Tamma,Staynes,Female,763 352 2523
267,Greggory,Gillman,Male,993 880 2779
268,Emylee,Becket,Female,640 228 7788
269,Pancho,Pinare,Male,340 608 3681
270,Berte,Du Barry,Female,993 515 1426
271,Dulcea,Ewers,Female,190 201 4857
272,Stefano,Pargent,Male,789 638 0818
273,Albert,Swayton,Male,204 463 1645
274,Laird,Storch,Male,251 337 6879
275,Keeley,Tomson,Non-binary,269 892 5935
276,Bernadina,Eagle,Female,956 766 0268
277,Abey,Tiebe,Non-binary,788 701 5636
278,Glynnis,Stoakes,Female,409 396 7961
279,Tadeas,Greenless,Male,982 670 5134
280,Catharine,Stolli,Non-binary,220 197 0718
281,Jaclyn,MacCole,Female,449 193 4911
282,Rudolf,Carnaman,Male,563 235 0359
283,Robinett,Crosio,Female,804 864 5589
284,Modestine,Burge,Female,394 241 3779
285,Michelina,Lemery,Agender,490 738 7483
286,Debbie,Bulbrook,Female,111 532 7094
287,Briana,Powys,Female,794 661 8879
288,Carrol,Mathieson,Male,878 283 3509
289,Westley,Tredgold,Male,155 430 3329
290,Glyn,Truckell,Male,916 745 3321
291,Heindrick,Le Batteur,Male,647 515 6047
292,Ailina,Rosenboim,Female,397 853 8225
293,Forrest,Crab,Male,344 386 0567
294,Von,Milby,Male,500 295 5762
295,Harold,Vibert,Male,674 744 7555
296,Fayre,Matignon,Female,206 900 3478
297,Barthel,Ballin,Male,828 599 1040
298,Timmie,Chace,Male,633 142 2894
299,Sigismundo,Featherbie,Male,838 399 3392
300,Roxana,McCaffrey,Female,568 471 8129
301,Artemus,Highman,Male,713 125 6385
302,Stephie,Grogono,Female,274 140 2008
303,Dorine,Sallows,Female,506 932 7954
304,Pyotr,Petteford,Male,968 723 6795
305,Tracie,St. Quentin,Male,406 511 9263
306,Linzy,Byer,Female,445 915 8305
307,Jacquette,Yurtsev,Female,387 683 5246
308,Gustavo,Wegenen,Male,139 560 0781
309,Ambrosi,Pischel,Male,652 763 2261
310,Duffy,Dossantos,Male,888 202 2553
311,Bradney,Muncie,Male,404 893 7447
312,Corbin,Swetmore,Male,261 157 2977
313,Gardy,Sworne,Male,456 973 6544
314,Catha,Vasser,Female,336 431 3118
315,Con,Beadman,Male,134 712 0475
316,Baxy,Brede,Male,552 614 4657
317,Gwenora,Donwell,Female,969 472 7736
318,Willem,Linck,Male,595 800 4187
319,Sharon,Pettingall,Female,757 862 2491
320,Dorette,Gillingwater,Female,368 605 1772
321,Mozelle,Musslewhite,Female,564 548 1758
322,Natalya,Reardon,Female,263 267 6073
323,Alley,Cogzell,Male,330 123 1588
324,Patrice,Roiz,Male,574 489 8531
325,Bogart,Pizer,Male,112 251 9188
326,Ximenez,Boothe,Male,180 367 5273
327,Brock,Burnsyde,Male,485 133 2324
328,Jay,Giannassi,Male,476 737 4807
329,Natale,Tirte,Male,903 887 6869
330,Judie,Wrightson,Female,536 725 9554
331,Stanwood,Stoodale,Male,426 747 5685
332,Micheline,Werner,Female,935 434 8592
333,Maurizio,Kivelle,Male,617 810 5254
334,Priscilla,Gaunt,Female,387 811 4653
335,Nil,Buckam,Male,515 794 2347
336,Corina,Bithell,Polygender,676 285 5902
337,Kellby,Shimmings,Male,199 739 9176
338,Bondy,McCutheon,Male,447 769 3842
339,Toni,Crotty,Female,617 119 6665
340,Jan,Phoenix,Male,942 706 6909
341,Jerry,Claw,Genderfluid,285 713 0657
342,Bradford,Elks,Male,451 245 5673
343,Demetra,Angel,Genderfluid,809 709 4485
344,Mikael,Elloway,Male,846 499 3921
345,Meryl,Brou,Female,271 462 4818
346,Shannah,Bernardt,Female,543 285 9624
347,Derrik,Studart,Male,916 929 9633
348,Nevsa,Mash,Female,284 998 5626
349,Lowrance,Petr,Male,805 660 7906
350,Goldina,Manolov,Female,371 970 4344
351,Rustie,Dobbyn,Male,403 511 6985
352,Bordy,Coulling,Male,887 971 3563
353,Conan,Burditt,Male,543 752 1642
354,Ricard,McGillreich,Male,785 937 6593
355,Cam,Loncaster,Female,823 881 9667
356,Todd,Ramsden,Male,891 717 9187
357,Prentiss,Sirmond,Male,623 468 5592
358,Florri,Morpeth,Female,291 468 9324
359,Adelaida,O'Deoran,Female,660 282 9087
360,Piggy,Impy,Male,526 401 6682
361,Elfrieda,Vivers,Female,611 686 4704
362,Natalina,Haggie,Female,296 493 7194
363,Norrie,O'Daly,Male,702 198 3545
364,Marion,Peerless,Female,165 766 6046
365,Lurette,Duckhouse,Female,309 709 3712
366,Cedric,Rudolfer,Male,975 817 7083
367,Guenevere,Clotworthy,Genderfluid,788 820 8483
368,Bronny,Vanyard,Male,683 512 7249
369,Cesare,Bathowe,Male,317 191 4793
370,Susy,Czajkowski,Female,850 834 5063
371,Merl,Fosdyke,Female,663 152 8268
372,Teresa,Peto,Bigender,550 657 6034
373,Derby,Rany,Male,760 532 4164
374,Leopold,Mattea,Male,890 936 0475
375,Dallon,Airth,Male,663 319 2801
376,Bogey,Restall,Male,708 148 2987
377,Melita,Celand,Female,627 678 0430
378,Olga,Taffley,Female,516 406 1900
379,Armstrong,Grishankov,Male,641 915 3148
380,August,Carabine,Male,550 997 6074
381,Bogey,Klaiser,Male,536 665 5290
382,Marcos,Chree,Male,991 202 2746
383,Budd,Niche,Male,819 931 4301
384,Linnie,Haimes,Female,313 402 1084
385,Der,Crighten,Male,666 239 8705
386,Calv,Glayzer,Male,300 530 4810
387,Giacinta,Benge,Female,478 458 7482
388,Phillip,Grinter,Male,879 521 5931
389,Jobina,Conti,Female,785 264 8188
390,Bo,Roiz,Male,879 770 0827
391,Alena,Poulter,Female,904 711 8120
392,Karly,Lantuffe,Genderfluid,978 925 3733
393,Piotr,Atkins,Male,423 761 9429
394,Deana,Munslow,Female,708 205 5237
395,Padraig,Wankel,Male,286 563 2609
396,Minor,Hallifax,Male,871 122 9301
397,Faustina,Josling,Female,324 908 8149
398,Kearney,Keaveny,Male,710 626 5778
399,Sampson,Bambra,Male,382 109 6056
400,Valery,Kettlesing,Female,813 713 4474
401,Elenore,Janak,Female,886 436 1473
402,Bridget,Boik,Female,569 952 2358
403,Raye,Rubroe,Female,206 771 6886
404,Bat,Morpeth,Male,761 284 9580
405,Dara,Rigge,Female,210 802 2850
406,Christopher,Snaddin,Male,967 812 0168
407,Aurthur,Bardsley,Male,650 189 2911
408,Ellene,Milsom,Female,661 930 4963
409,Elnar,Pozzo,Male,630 227 8134
410,Sara,Kaiser,Female,739 370 0887
411,Huberto,Pattie,Male,676 122 7723
412,Chip,Johnsson,Male,453 160 8317
413,Henrik,Grange,Male,170 680 0251
414,Simeon,Trencher,Male,706 162 1291
415,Mariska,Simoneau,Female,808 873 3784
416,Bradney,Lerhinan,Male,133 174 6096
417,Errick,Sherbrook,Genderqueer,282 278 6758
418,Michal,Tweed,Agender,629 204 1251
419,Wylie,Rickson,Male,603 792 2701
420,Spense,Gounin,Male,958 108 3396
421,Myrtle,Lalonde,Female,709 448 6567
422,Aaron,Witterick,Male,447 375 6900
423,Ilise,Oliphand,Female,598 115 5209
424,Edmund,Coldicott,Male,996 153 8657
425,Susette,Muxworthy,Female,307 694 4032
426,Randy,Garbert,Male,360 697 2420
427,Chauncey,Panswick,Male,862 923 5405
428,Audrey,Bruckent,Female,197 967 1539
429,Staford,Elmar,Male,657 196 3698
430,Delcina,Oland,Female,875 408 3827
431,Berenice,Vondra,Female,729 473 8813
432,Rurik,Havesides,Male,421 810 6069
433,Josie,Freund,Female,817 963 2761
434,Lorianne,Ayllett,Female,226 626 3197
435,Dunstan,Redhole,Male,647 953 8392
436,Stefa,Farland,Genderfluid,997 557 2727
437,Engelbert,Vanyukhin,Male,162 657 0590
438,Antonius,Partington,Male,289 959 3475
439,Zak,Daoust,Male,460 938 9708
440,Ruperta,Shawyers,Female,182 766 6447
441,Lizzy,Yurchishin,Female,550 976 7968
442,Yancey,Epinoy,Male,381 900 0892
443,Carmelita,Berni,Female,626 523 8558
444,Quintin,Potapczuk,Polygender,621 854 6042
445,Debor,Jurs,Female,943 165 1730
446,Marie-jeanne,Bedin,Female,489 904 5084
447,Maryanne,Jackways,Female,289 896 3995
448,Zebulon,Bouzan,Male,995 259 4983
449,Karly,Ancell,Female,729 877 5817
450,Hilary,Planque,Female,629 268 5221
451,Parker,Mannin,Male,500 152 0004
452,Florenza,Fabb,Female,806 497 5848
453,Giacomo,Crowden,Male,362 133 9859
454,Aggi,Claris,Female,343 510 8942
455,Sashenka,Joskowicz,Female,663 411 6298
456,Wheeler,Prestwich,Male,945 284 5516
457,Aubrie,Garaway,Female,405 265 2422
458,Adelina,Monteath,Female,403 889 8722
459,Dudley,Harback,Male,587 829 8259
460,Skylar,Kendal,Agender,342 427 9536
461,Rebekah,Saggers,Female,586 328 1633
462,Halie,Beautyman,Female,935 762 4977
463,Aldrich,Stockall,Male,547 605 7710
464,Rosaleen,Giovannacci,Female,928 942 6528
465,Alvan,Rickerd,Male,591 199 9347
466,Shadow,Lynd,Male,346 699 4257
467,Symon,Milvarnie,Male,987 636 0956
468,Dirk,Bowen,Male,228 809 7497
469,Tannie,Teodori,Male,230 333 6439
470,Penny,Scarfe,Female,476 947 2337
471,Glori,Kirkebye,Female,385 174 4783
472,Alisa,Shakesby,Female,347 881 0760
473,Barry,Mattin,Male,657 465 7971
474,Griselda,Foggo,Female,629 590 5906
475,Robbyn,Belfelt,Female,467 956 5957
476,Herold,Talbot,Genderqueer,769 344 0804
477,Elvis,Guye,Male,120 386 0468
478,Merline,Preator,Female,211 723 1946
479,Isabel,Macieiczyk,Female,788 382 7162
480,Krispin,Schowenburg,Genderqueer,745 546 8405
481,Delmore,Klimkowski,Male,502 311 7013
482,Lizabeth,Shillitoe,Agender,247 630 8297
483,Dora,Clarke-Williams,Female,527 927 4491
484,Fremont,Fawkes,Male,868 762 5631
485,Brenden,Wegman,Male,492 695 3867
486,Thomasina,Silwood,Genderfluid,757 808 5697
487,Kali,Zanetto,Female,811 876 7355
488,Missie,Elmer,Genderfluid,497 843 8573
489,Yuri,Hedon,Male,129 208 1777
490,Michale,Aymes,Male,533 917 6527
491,Nikolaos,Halfacree,Bigender,733 520 1745
492,Wildon,Fateley,Male,416 851 4713
493,Jo,Edsell,Male,185 335 1617
494,Sauveur,Kilmurry,Male,603 245 1663
495,Margery,Baraclough,Female,182 153 6308
496,Genna,Asplen,Female,246 131 8433
497,Erminie,Fortescue,Female,981 466 0603
498,Chrissie,Antoney,Male,151 652 8906
499,Hedda,Bonsey,Female,297 624 5788
500,Aylmer,McMorland,Male,573 745 6292
501,Jasmine,Butterfint,Female,479 753 0592
502,Yuri,Olin,Male,735 261 5800
503,Percy,Halligan,Male,194 527 7464
504,Alina,Bodleigh,Non-binary,915 144 7338
505,Giorgia,Boam,Female,758 958 9412
506,Cordey,Dufaire,Female,394 167 3394
507,Bent,Shall,Male,578 530 2773
508,Caitrin,Kynan,Female,369 116 3644
509,Ethelred,Dureden,Male,817 189 5578
510,Berkley,Beames,Male,539 410 7497
511,Jennilee,Dysert,Female,592 569 3872
512,Jere,Menchenton,Genderqueer,330 991 5966
513,Tandi,Baddoe,Female,111 881 1409
514,Dexter,De'Vere - Hunt,Male,310 853 8972
515,Alec,MacMillan,Male,911 628 4623
516,Mohandas,Gorrissen,Genderqueer,475 853 1092
517,Myrah,Seiter,Female,112 363 0437
518,Kati,Eagar,Female,775 908 2983
519,Friedrich,McGuane,Male,768 760 2220
520,Fabiano,McCarroll,Male,738 805 6530
521,Opal,Collie,Polygender,620 268 5536
522,Sarita,Clay,Female,293 793 6541
523,Hobard,Conner,Male,336 361 8859
524,Harcourt,Smiths,Male,533 527 2278
525,Merrick,Povah,Male,280 112 6490
526,Frasquito,Rodrig,Male,755 193 8917
527,Charlene,Giraudeau,Female,641 398 2907
528,Antons,Dockree,Male,898 299 8138
529,Gennie,Elphey,Female,700 589 2895
530,Ellie,Yurshev,Female,838 792 0630
531,Annalee,Vassay,Female,569 152 4374
532,Denys,Jillings,Female,412 753 3743
533,Luelle,Greensite,Female,945 221 1886
534,Jaquelin,Hammerstone,Female,257 364 2296
535,Jordan,Deering,Female,952 630 4251
536,Amalia,Gitting,Female,520 322 2897
537,Elsbeth,Bett,Female,116 145 3877
538,Udell,Solland,Male,490 381 6318
539,Tonye,Rohmer,Female,581 963 6133
540,Maureene,Romaine,Female,948 977 7010
541,Roseanne,Harlock,Female,386 622 2104
542,Terri,Tingcomb,Female,413 195 6051
543,Mommy,Parade,Female,329 560 9085
544,Anatollo,Grigor,Male,807 136 1214
545,Calhoun,Dulin,Male,883 731 2113
546,Hilario,Knevit,Male,677 418 9580
547,Dieter,McKearnen,Male,978 741 4752
548,Deane,Pirot,Male,914 450 3758
549,Rhoda,Bowden,Female,353 521 0407
550,Son,Blizard,Male,883 524 0199
551,Maddie,Garvill,Male,878 256 7627
552,Klaus,Ennew,Male,763 675 4291
553,Judd,Parysowna,Male,919 412 5821
554,Barbi,Tawn,Female,416 745 5483
555,Calhoun,Elks,Male,325 990 4017
556,Vita,des Remedios,Female,210 981 2286
557,Karlotta,Beurich,Female,350 137 9110
558,Salome,McDuffy,Female,947 384 8242
559,Arlen,Blodg,Male,494 466 0908
560,Sauncho,Gheerhaert,Male,583 680 0500
561,Pat,Auld,Male,336 296 9267
562,Garret,Sancraft,Male,219 896 0972
563,Doloritas,Lafee,Female,689 879 6325
564,Anders,Hawkslee,Male,151 314 9606
565,Crysta,Le Huquet,Female,568 464 0604
566,Jarad,Fairlie,Male,808 739 0850
567,Becca,Pickerell,Non-binary,460 565 6608
568,Gregorius,Musk,Male,315 288 4132
569,Indira,Pobjoy,Female,602 482 4714
570,Anabelle,Leggett,Female,447 378 7759
571,Kaycee,Le Lievre,Female,948 721 1913
572,Chuck,Paragreen,Male,145 723 5972
573,Orella,Twohig,Female,874 568 2022
574,Elisa,Lackinton,Female,495 246 2827
575,Hyacinthe,Dunne,Female,430 330 4456
576,Kendrick,Hairon,Male,694 391 0354
577,Wandie,Bidewel,Female,435 563 4116
578,Ted,Peaple,Male,375 909 5511
579,Erick,While,Agender,180 884 2126
580,Augustine,McTerlagh,Male,696 538 8859
581,Mavis,Kellogg,Female,177 570 2960
582,Bertrando,Airs,Male,502 159 8777
583,Shurlock,Jewes,Male,792 567 7505
584,Sully,Liddington,Male,926 264 6393
585,Larina,Wille,Female,183 753 2214
586,Adrea,Jerok,Female,736 967 0670
587,Dionysus,Momery,Male,255 515 9402
588,Lennard,Dakin,Male,651 750 4187
589,Zea,Macconaghy,Female,803 847 2855
590,Patience,Segar,Female,508 647 9103
591,Martelle,Bingley,Female,707 159 5883
592,Sloan,Agg,Male,670 511 1818
593,Rufus,Emptage,Male,801 296 6051
594,Hobie,Beet,Male,751 322 4197
595,Worth,Millier,Male,606 756 2737
596,Richie,Doding,Male,848 807 9213
597,Aloin,Jindrak,Male,281 425 7897
598,Doro,Pankettman,Female,554 620 8464
599,Carlie,Eckford,Male,996 601 2866
600,Juieta,Delnevo,Female,917 242 2367
601,Berti,Hubane,Genderfluid,395 238 0774
602,Juline,Bloomer,Female,109 779 2225
603,Sydney,Crooke,Female,919 620 7687
604,Elinor,Yokelman,Female,125 177 7740
605,Ephraim,Macbeth,Male,541 278 6463
606,Hadrian,Chomley,Male,674 855 8020
607,Pattin,Bartholomieu,Male,807 751 0576
608,Jaine,Rawls,Female,258 639 7428
609,Noelani,Buey,Female,350 452 3770
610,Quintus,Bontine,Male,952 654 2517
611,Mitchell,Ledwith,Male,787 696 8510
612,Eyde,Rubens,Female,485 926 1857
613,Gilberte,Roughsedge,Female,691 177 1491
614,Ardelia,Russo,Female,578 247 5322
615,Renaud,Cocci,Male,321 173 1261
616,Chandler,MacNeely,Male,640 932 3805
617,Kalle,Laurent,Male,405 337 6778
618,Renaldo,Wayper,Male,157 325 7129
619,Elfrida,McCrorie,Female,169 404 7868
620,Sula,Feldhuhn,Female,300 483 1433
621,Wendel,Strand,Male,987 330 4537
622,Anabel,Fortune,Female,570 472 2887
623,Mina,Llywarch,Female,166 575 4606
624,Beulah,Marjanski,Female,673 573 6710
625,Wilfrid,Futter,Male,453 885 7722
626,Terri,Crocetto,Male,672 978 8077
627,Skye,Auguste,Male,536 455 6400
628,Ardith,Poter,Female,496 542 0357
629,Hoyt,Beaven,Male,723 511 5171
630,Lancelot,Nelle,Genderqueer,313 638 5016
631,Samaria,Halliburton,Female,531 823 7389
632,Tatiania,Robbel,Female,224 739 9667
633,Sutherlan,Stanbro,Male,581 569 2459
634,Ethel,Olivo,Female,955 945 1766
635,Friederike,Pisco,Female,681 729 4330
636,Ivar,Espinoza,Male,623 405 7557
637,Rubin,Eagleton,Agender,524 577 2135
638,Leonora,Gorse,Female,732 198 0834
639,Corinna,Gristwood,Female,544 596 2552
640,Briano,Hanlin,Male,215 260 7110
641,Hilton,Minney,Polygender,491 232 6293
642,Violetta,Draisey,Female,428 112 1114
643,Reagan,Walcot,Male,798 784 9205
644,Mollee,Bruckman,Female,962 949 4805
645,Livvyy,Grishaev,Female,812 850 5308
646,Matilda,Lakey,Female,508 658 6599
647,Wakefield,Mawer,Male,804 371 8753
648,Hollyanne,Gallant,Female,627 840 6275
649,Hyatt,Bairnsfather,Male,954 948 0838
650,Berty,Yurkiewicz,Male,424 378 5838
651,Kass,Bennetto,Female,147 440 0129
652,Mahalia,Connikie,Female,525 997 2683
653,Caspar,Southwood,Male,134 830 2282
654,Leicester,McShea,Male,100 467 6896
655,Aldis,Meckiff,Male,254 943 8370
656,Egbert,Fruser,Male,323 664 9209
657,Lexi,Menghi,Female,615 840 5746
658,Brantley,Fishley,Male,169 888 1383
659,Kippar,Jacob,Male,734 951 4039
660,Boote,Artis,Male,951 512 6331
661,Luce,De Simoni,Male,969 939 3038
662,Joseph,Bysouth,Male,662 334 1307
663,Jewelle,Brader,Female,448 120 6060
664,Fleur,Bogue,Genderfluid,747 311 3367
665,Jacki,Lentsch,Female,602 897 3631
666,Joeann,Brecken,Female,210 279 2743
667,Lilith,Marquess,Female,598 199 6574
668,Aeriel,Squibb,Female,684 794 3301
669,Keene,Dionsetti,Polygender,253 849 4792
670,Alisander,Sotheby,Male,364 188 4041
671,Wilhelm,Bessett,Male,542 473 2471
672,Marley,Fortin,Female,746 630 5097
673,Irwinn,Mazella,Male,748 790 5940
674,Rosalynd,Clarkin,Female,156 364 6807
675,Wynn,Leborgne,Male,180 714 1954
676,Viviyan,Oddy,Female,612 267 8446
677,Rudolf,Krugmann,Male,570 450 2555
678,Kellen,Grinishin,Genderfluid,935 252 3830
679,Garrik,Forsdike,Male,781 717 0745
680,Jill,Traher,Female,756 405 1787
681,Curtis,Ricard,Male,892 823 8958
682,Brion,Tomczykowski,Male,260 571 6956
683,Tommy,Reynolds,Female,473 953 4386
684,Jess,Broggio,Female,244 639 8193
685,Cesare,McKenny,Male,405 436 5933
686,George,Carlino,Female,536 907 6775
687,Konrad,Klasen,Male,254 569 7829
688,Stormie,Daughtery,Bigender,598 179 2322
689,Remus,Sinson,Male,828 451 2355
690,Orson,Rudman,Male,619 707 5147
691,Galina,Featherstonehaugh,Female,323 461 0761
692,Godfrey,Troop,Male,882 451 0042
693,Gwennie,Ferrarone,Female,836 954 4694
694,Joshua,Gorrie,Male,246 459 4719
695,Paulita,MacGrath,Female,461 962 4758
696,Freedman,Cardnell,Male,852 315 6291
697,Gerta,Finney,Agender,547 547 9108
698,Pansie,Cronin,Female,865 756 1099
699,Gwendolen,Ellesmere,Polygender,528 291 1958
700,Egan,Dubble,Male,550 166 0351
701,Meg,Gockelen,Female,217 918 8796
702,Jaynell,Gribbins,Female,976 731 2797
703,Warren,Coolson,Male,339 197 7941
704,Lily,Henner,Agender,258 502 3492
705,Stacee,Pyvis,Female,557 849 0748
706,Andee,Grandisson,Female,492 673 1841
707,Marleah,Isard,Female,866 548 9068
708,Rozele,Munby,Female,490 479 6835
709,Kimberlyn,Soltan,Female,359 657 2252
710,Culley,MacCaughen,Male,663 996 2114
711,Aridatha,Tobias,Female,264 449 5892
712,Selene,Brand,Female,574 441 6999
713,Inesita,Ledner,Female,607 724 3921
714,Tye,Ollivier,Male,242 603 5755
715,Lottie,Tidey,Female,835 673 7422
716,Ethelind,Bohler,Polygender,322 951 1090
717,Gretta,Bertelmot,Female,789 986 9714
718,Sigismundo,Dafydd,Male,702 577 9209
719,Curr,Evitt,Male,168 387 1669
720,Mick,Cloney,Polygender,268 216 2398
721,Agathe,Goldster,Female,765 378 4904
722,Dion,Stayte,Male,898 964 2203
723,Dena,Haldin,Female,173 588 1464
724,Ivar,Loram,Male,534 675 9130
725,Sinclare,Sixsmith,Male,750 337 5636
726,Silvester,Rosenbusch,Polygender,247 145 4716
727,Konrad,Odney,Male,770 924 4417
728,Rosalie,Mosdell,Female,229 696 5874
729,Reggi,Giaomozzo,Female,338 136 8373
730,Klement,Liepins,Male,446 650 5985
731,Agnesse,Burgett,Female,776 849 5946
732,Nanci,Le Noir,Genderfluid,578 814 1142
733,Donaugh,Scedall,Male,881 134 0753
734,Dayna,O'Collopy,Female,423 932 1257
735,Falito,Emerton,Male,981 634 8719
736,Myrvyn,Jarlmann,Male,766 363 5027
737,Elke,Tucker,Female,860 712 1753
738,Tuckie,Bernardotti,Male,216 864 1497
739,Joan,Cutbirth,Female,627 390 8569
740,Melicent,Myers,Female,339 557 9289
741,Angela,Sarfat,Female,936 548 3952
742,Hobart,Doles,Male,117 254 6205
743,Jolynn,Ranshaw,Female,508 392 4968
744,Lela,Galpin,Female,736 694 1725
745,Toni,Blaycock,Female,369 289 9161
746,Idalina,Munroe,Female,879 323 5601
747,Carmine,Schuchmacher,Male,407 273 3925
748,Davide,Sutterfield,Male,682 576 2659
749,Aggy,Brand-Hardy,Female,137 597 0079
750,Boyce,Jeannet,Male,838 128 0179
751,Bone,Burkart,Male,729 700 8675
752,Derrek,Mulkerrins,Male,526 153 8968
753,Barb,Haire,Female,704 935 0222
754,Hanan,Aldgate,Male,365 142 5527
755,Abbe,Crace,Female,309 180 4566
756,Anny,McKeating,Female,465 245 0338
757,Emeline,Chastney,Female,819 728 2769
758,Tildy,Dellenbrook,Female,536 580 3775
759,Thea,Biggadike,Female,152 592 6033
760,Minna,Bridgewood,Non-binary,643 563 6409
761,Neely,Merrick,Female,958 135 3642
762,Matteo,Donnett,Male,111 203 5105
763,Zared,Coombe,Male,513 644 5897
764,Judd,Woodrup,Non-binary,210 362 2876
765,Kathye,Chastelain,Female,631 870 8998
766,Cornall,Pahl,Male,719 656 1332
767,Ally,Tinkler,Female,205 947 2925
768,Arnoldo,Maciaszek,Male,990 451 8664
769,Perry,Bernhardsson,Male,167 439 2237
770,Braden,Karpeev,Male,120 210 3663
771,Warner,Faltskog,Male,569 118 7768
772,Vin,Costar,Male,844 418 8602
773,Merrile,St Ange,Female,785 350 5961
774,Enos,Krop,Male,804 612 9756
775,Omero,Graeser,Male,826 209 7839
776,Phaidra,Rumming,Female,528 101 2210
777,Bogart,Tivenan,Male,818 630 0022
778,Shawnee,Skeemor,Female,754 523 9602
779,Brok,Joist,Male,909 280 6023
780,Mathian,Tinniswood,Male,307 748 6858
781,Heloise,Vannah,Female,493 392 4578
782,Kenna,Milliere,Bigender,224 593 4639
783,Trisha,Codi,Female,478 366 9182
784,Nissie,Pinchon,Agender,703 385 2264
785,Devlin,Bartlam,Male,153 742 9910
786,Carlin,Philipsson,Male,648 835 4445
787,Loraine,Merrifield,Female,382 367 3973
788,Fancy,McCurdy,Female,609 531 8165
789,Modesta,Aldcorn,Female,261 984 4797
790,Roana,Fibbens,Female,940 927 2282
791,Letizia,McGarahan,Female,689 791 4447
792,Arron,Crumley,Male,425 998 2313
793,Maegan,Grimwade,Female,740 331 3200
794,Frederick,Pavy,Male,689 252 0686
795,Gabi,Le Brom,Female,403 574 4879
796,Libby,Luggar,Female,432 289 2966
797,Mylo,Slad,Male,673 825 5639
798,Sibylla,Iacobassi,Female,884 681 4151
799,Heather,Madle,Female,109 124 7480
800,Yankee,Byles,Male,536 236 2204
801,Callie,Esselen,Female,496 780 8183
802,D'arcy,Rendle,Male,213 844 4549
803,Therese,Elsop,Female,478 154 0731
804,Trevor,Priestnall,Male,844 290 3206
805,Erda,Steeples,Female,228 200 4014
806,Julianna,Merrien,Female,921 959 3637
807,Ashley,Redolfi,Female,149 713 6727
808,Paula,Hyndson,Polygender,547 830 5348
809,Angelico,Albrecht,Male,216 900 7381
810,Drona,Roux,Female,271 599 8525
811,Coriss,Harriday,Female,527 424 6798
812,Blancha,Gorgen,Female,163 328 9307
813,Allix,Patman,Female,215 778 3633
814,Sigismund,Bolt,Male,905 713 3594
815,Tabbatha,Tillard,Genderfluid,802 869 9199
816,Monica,Corpe,Female,657 453 7400
817,Linnell,Matissoff,Female,783 555 2526
818,Viviana,Allchorn,Non-binary,495 942 3758
819,Rosaleen,Pinock,Female,203 770 7450
820,Che,Giraldo,Male,323 435 3068
821,Byrle,Kopta,Male,841 548 1498
822,Rod,Capehorn,Male,754 833 0576
823,Giorgio,Filippi,Male,647 514 0561
824,Mel,Fallon,Male,378 317 9446
825,Fleming,Webb,Non-binary,520 233 2469
826,Sheila-kathryn,Jurczak,Female,449 111 6691
827,Alic,Bembrigg,Male,823 987 3287
828,Christie,Ingledow,Female,159 754 9857
829,Ketti,Kyrkeman,Female,696 157 3861
830,Anallise,Scurrell,Female,670 259 8754
831,Nanni,Stavers,Female,233 435 7919
832,Archaimbaud,Coulsen,Male,755 775 9668
833,Devina,Huncoot,Female,331 834 4291
834,Danyelle,Rayment,Female,625 805 3977
835,Doti,Lardge,Non-binary,201 832 2695
836,Brina,Weatherburn,Female,749 857 7021
837,Dory,Lumby,Female,101 423 6607
838,Skyler,Gaitung,Male,365 667 6431
839,Parnell,Larrad,Male,218 501 6542
840,Valentijn,Key,Male,284 198 7198
841,Brigham,Pietsma,Male,465 387 3713
842,Hubert,Boothroyd,Male,429 116 8646
843,Reinald,Ogilby,Polygender,188 247 7733
844,Honoria,Wherrett,Female,149 569 8332
845,Donielle,Ogers,Female,976 683 4315
846,Sheffie,Mariette,Male,714 740 7380
847,Gerik,Clothier,Genderqueer,593 178 0291
848,Freddie,Wegener,Male,631 735 9405
849,Pembroke,Clench,Male,128 103 7749
850,Tito,Geraldi,Male,217 556 9864
851,Lind,Petren,Female,512 478 8548
852,Camel,Meineken,Female,645 103 6671
853,Biddie,Pegrum,Female,764 258 2140
854,Lorne,Erbe,Male,624 869 6540
855,Warden,Rabbitts,Male,857 341 2429
856,Sheilah,Bettison,Female,717 139 1885
857,Rodge,Darrell,Male,392 773 6308
858,Lotte,Tearny,Female,522 488 3307
859,Saree,Shufflebotham,Female,748 729 5436
860,August,Bown,Male,816 611 1909
861,Margot,Hiddersley,Female,801 237 2790
862,Jillane,Pipkin,Female,705 334 2057
863,Nicolette,Martins,Female,913 822 5851
864,Fremont,Verity,Male,263 283 8993
865,Danni,Pennrington,Female,806 665 6711
866,Joey,Donnelly,Male,847 886 5134
867,Isac,Arington,Male,172 674 4502
868,Magda,Lias,Female,924 481 8943
869,Miles,Jolly,Male,102 649 2611
870,Corty,Whittle,Male,372 275 6227
871,Eugenia,Demschke,Female,686 613 5524
872,May,Mainstone,Genderqueer,297 681 7653
873,Vick,O'Noulane,Male,922 558 0769
874,Augustine,McWilliam,Female,875 370 1607
875,Valaree,Fransewich,Female,601 538 8185
876,Rolland,Enos,Male,459 902 7399
877,Kerk,Pettiford,Male,446 848 6713
878,Ware,Sleicht,Male,814 230 2385
879,Bird,MacCart,Non-binary,823 716 8458
880,Jordon,Aers,Male,622 553 8957
881,Fergus,Cumes,Male,569 252 2396
882,Hunter,Wrout,Male,186 125 0665
883,Cicely,Wakelin,Female,803 283 2263
884,Barbara,Gavini,Female,584 732 4207
885,Jordanna,Atwood,Female,657 504 9280
886,Dulcine,Whightman,Female,818 212 7310
887,Dolph,Laurand,Male,250 404 4106
888,Burk,Aspinwall,Non-binary,932 461 9678
889,Antonietta,Russo,Female,405 756 4542
890,Renard,Matteoni,Male,258 742 4359
891,Aggy,Shillom,Female,326 327 5720
892,Demeter,Trotman,Female,887 390 4092
893,May,Wilcocke,Agender,610 363 5622
894,Faun,Dy,Female,541 406 4061
895,Ellissa,Sprouls,Genderfluid,945 524 6612
896,Patrizio,Reed,Male,189 865 3316
897,Josephina,Fraser,Female,218 805 6282
898,Jada,Gittus,Female,805 360 8788
899,Edithe,Duplan,Female,587 512 7914
900,Katalin,Katte,Female,278 417 0104
901,Clemente,Rowsel,Male,587 904 0958
902,Pauly,Danton,Female,179 130 7563
903,Simeon,Laban,Male,639 649 0553
904,Early,Cullip,Male,607 781 4503
905,Bibbye,Tointon,Female,963 504 7714
906,Casandra,Giriardelli,Female,745 128 0409
907,Hamil,MacPaden,Male,197 187 2971
908,Margarita,Batchelder,Female,618 794 7509
909,Bambie,Amber,Female,218 823 2233
910,Leontyne,Longstaff,Female,369 774 6154
911,Britney,Vibert,Female,451 687 9845
912,Rab,Goundry,Male,960 176 4024
913,Viva,Letchford,Female,595 195 8397
914,Gussi,Pringour,Female,656 123 9791
915,Merralee,MacCarrane,Female,172 439 5412
916,Tannie,Corringham,Male,898 441 0854
917,Brunhilde,Delve,Female,967 159 2770
918,Hubey,Tiplady,Male,678 726 3135
919,Rustie,Easum,Male,554 868 6214
920,Ange,Beddoe,Male,739 134 5969
921,Margy,Wethered,Female,509 782 7186
922,Danyette,Fabbri,Female,240 474 2068
923,Dora,Klimschak,Genderfluid,532 464 6660
924,Chico,Roddick,Male,496 994 7210
925,Teodora,Wickersley,Female,481 797 7519
926,Yorke,Fochs,Non-binary,344 696 7405
927,Sara-ann,Cameron,Female,288 249 5890
928,Quentin,De Cruz,Male,911 213 8234
929,Elisabeth,Meagher,Female,464 209 7395
930,Skippie,Brome,Male,564 305 8993
931,Leoine,Franklin,Female,943 448 5285
932,Maiga,McClounan,Non-binary,224 433 0726
933,Win,Potkin,Male,149 500 7966
934,Philipa,Goding,Female,157 500 9140
935,Bernadine,Tothe,Female,554 285 2658
936,Manolo,Bakhrushkin,Polygender,476 152 4052
937,Joby,Jossum,Female,779 641 7714
938,Panchito,Matten,Male,366 648 7538
939,Selby,Janauschek,Male,367 657 2048
940,Rafe,Fanner,Male,971 644 2931
941,Wood,Schwandermann,Male,402 850 2792
942,Basil,Harcarse,Male,280 429 8259
943,Maddie,Dobkin,Male,844 592 7384
944,Tanney,Brastead,Male,548 992 3520
945,Hinda,Goodall,Female,872 265 6010
946,Corrinne,Adolthine,Female,272 892 3669
947,Lacie,Heavy,Female,240 226 7737
948,Peggy,Balderstone,Female,999 338 6506
949,Anissa,Merlin,Genderqueer,762 742 4860
950,Ingrim,Klimaszewski,Male,369 730 7545
951,Burk,Jobling,Male,313 690 8916
952,Sebastiano,Geharke,Male,389 923 7920
953,Chicky,Chatell,Genderqueer,319 251 7974
954,Lyell,Tather,Male,306 433 6175
955,Berti,O'Henehan,Male,927 110 4663
956,Guinevere,Imms,Female,797 789 1442
957,Korie,Ollivierre,Female,877 276 0001
958,Stephan,Salleir,Male,155 509 0595
959,Wilmar,Corre,Male,814 283 6131
960,Adriaens,Haggleton,Female,987 981 2414
961,Giles,Kennady,Male,387 885 7519
962,Traci,Mustin,Female,871 216 1486
963,Alexandra,Rushbrook,Female,535 277 7749
964,Jacklin,Quinlan,Female,721 580 6570
965,Carol-jean,Bjorkan,Female,871 502 8048
966,Lennard,Tolfrey,Male,149 287 8378
967,Maurine,Flinn,Non-binary,266 695 5211
968,Bernardina,Foulstone,Female,367 904 6052
969,Florence,Kelk,Female,380 285 9089
970,Oates,Wiles,Male,927 559 2125
971,Robinet,Soigoux,Female,138 435 8581
972,Doll,Lambotin,Female,946 818 7969
973,Farrand,Stedson,Female,810 262 9389
974,Codie,Randerson,Female,915 879 0416
975,Joby,Ilden,Female,747 825 4336
976,Kellyann,Matisoff,Female,278 796 6838
977,Shayla,Praundlin,Female,108 995 2922
978,Nicolea,Blemings,Female,461 548 6298
979,Roxie,Brettell,Female,736 334 9625
980,Tedman,Smallpeice,Male,690 178 3776
981,Tricia,Copsey,Female,721 175 2547
982,Bordy,Goshawke,Male,428 836 2159
983,Nicolas,Blacklock,Male,691 579 7165
984,Maurine,Shillinglaw,Female,201 401 9590
985,William,Leghorn,Male,913 824 7801
986,Pennie,Dobbson,Female,250 551 9600
987,Lyell,Rhelton,Non-binary,817 415 4186
988,Emmalyn,Headings,Female,367 270 3313
989,Emalia,Tenant,Female,957 653 6369
990,Justinian,Shwenn,Male,439 376 1512
991,Francesco,Fairbeard,Male,885 457 8570
992,Shelden,Gamet,Male,418 545 0628
993,Bren,Iacovacci,Male,844 944 2674
994,Archambault,Stegers,Male,400 592 2542
995,Carl,Gasticke,Non-binary,325 628 1088
996,Melissa,Hruska,Female,998 598 1757
997,Vivyanne,Grelka,Female,203 110 6454
998,Flint,Thomazet,Male,501 106 3061
999,Roarke,Farnworth,Male,265 316 8484
1000,Aleta,Hubbucke,Female,396 902 2404
